sample_id,catalog_content,image_link,price
33127,"Item Name: La Victoria Green Taco Sauce Mild, 12 Ounce (Pack of 6)
Value: 72.0
Unit: Fl Oz
",https://m.media-amazon.com/images/I/51mo8htwTHL.jpg,4.890000000000001
198967,"Item Name: Salerno Cookies, The Original Butter Cookies, 8 Ounce (Pack of 4)
Bullet Point 1: Original Butter Cookies: Classic butter cookies made with real butter
Bullet Point 2: Variety Pack: Includes 4 boxes with 32 cookies total
Bullet Point 3: Occasion Perfect: Delicious cookies for birthdays, weddings, anniversaries
Bullet Point 4: Shareable Treats: Fun to give and enjoy with friends and family
Bullet Point 5: Salerno Brand: Trusted brand of delicious butter cookies since 1925
Value: 32.0
Unit: Ounce
",https://m.media-amazon.com/images/I/71YtriIHAAL.jpg,13.12
261251,"Item Name: Bear Creek Hearty Soup Bowl, Creamy Chicken with Rice, 1.9 Ounce (Pack of 6)
Bullet Point 1: Loaded with hearty long grain wild rice and vegetables
Bullet Point 2: Full of hearty goodness
Bullet Point 3: Single serve bowls
Bullet Point 4: Easy to prepare mix
Bullet Point 5: 0 grams trans fat
Value: 11.4
Unit: Ounce
",https://m.media-amazon.com/images/I/51+PFEe-w-L.jpg,1.97
55858,"Item Name: Judee‚Äôs Blue Cheese Powder 11.25 oz - Gluten-Free and Nut-Free - Use in Seasonings and Salad Dressings - Great for Dips, Spreads and Sauces - Made in USA
Bullet Point 1: Add to your favorite appetizers, dips & spreads. Use to season popcorn or warmed pita chips.
Bullet Point 2: Sprinkle over french fries, fried chicken, mashed potatoes, roasted veggies, pasta, and more
Bullet Point 3: Made in a dedicated gluten-free facility and shipped in a standup, resealable pouch to ensure freshness
Bullet Point 4: Ingredients: Blue Cheese (Milk, Salt, Cultures, & Enzymes) and Disodium Phosphate
Bullet Point 5: Since 2009, Judee‚Äôs has been dedicated to providing fresh, allergy-conscious ingredients, great for your recipes and even better for your family
Product Description: Judees Powdered Blue Cheese cheddar cheese powder is an alternative to mozzarella cheese shredded or american cheese slices deli. Make your own alfredo sauce with heavy cream and black buffalo dip with this powder. It adds extra flavor to salad dressing like ranch dressing and great on pizza dough or cauliflower pasta. Add to macaroni and cheese or popcorn seasoning for more aroma and cheesy feel. Combine with mustard and other ingredients to create your own dressing for buffalo chicken or buffalo wings.
Value: 11.25
Unit: Ounce
",https://m.media-amazon.com/images/I/41mu0HAToDL.jpg,30.34
292686,"Item Name: kedem Sherry Cooking Wine, 12.7 Ounce - 12 per case.
Bullet Point: kedem Sherry Cooking Wine, 12.7 Ounce - 12 per case.
Value: 12.0
Unit: Count
",https://m.media-amazon.com/images/I/41sA037+QvL.jpg,66.49
9259,"Item Name: Member's Mark Member's Mark, Basil, 6.25 oz
Bullet Point 1: Green Herb, Italian Staple, Great mixed with Oregano
Bullet Point 2: Large Size, Chef Bottle
Bullet Point 3: Packed in the USA
Value: 6.25
Unit: ounce
",https://m.media-amazon.com/images/I/81nw0HXpCRL.jpg,18.5
191846,"Item Name: Goya Foods Sazonador Total Seasoning, 30 Ounce (Pack of 6)
Bullet Point 1: SAZONADOR TOTAL | Enhance the natural flavors of food with the perfect mix of natural ingredients, Goya Sazonador Total. GOYA Sazonador Total adds super flavor in a flash. This versatile seasoning mix includes the perfect blend of Latino spices that makes your meal extra special. We‚Äôre sure you‚Äôll love it.
Bullet Point 2: THE PERFECT SEASONING | GOYA Sazonador Total is the perfect blend of garlic, onion and Latin spices that adds quick flavor to any meat, chicken, fish and vegetables. Just sprinkle over meats, poultry, seafood and vegetables before cooking. You can also use it to punch up the taste of salads, sauces, and soups. A simple shake is all it takes!
Bullet Point 3: VERSATILE | This versatile seasoning mix includes the perfect blend of Latino spices that makes your meal extra special. We‚Äôre sure you‚Äôll love it. GOYA Sazonador Total is the perfect blend of garlic, onion and Latin spices that adds quick flavor to any meat, chicken, fish and vegetables.
Bullet Point 4: PREMIUM QUALITY | If it's Goya... it has to be good! | ¬°Si es Goya... tiene que ser bueno!
Bullet Point 5: PACK OF 6: 30 OZ BOTTLES | Discover Goya's incredible variety of seasonings on Amazon Fresh, Amazon Retail and Prime Pantry
Value: 180.0
Unit: Ounce
",https://m.media-amazon.com/images/I/61dH2Ebkt0L.jpg,5.99
222007,"Item Name: VineCo Original Series Chilean Sauvignon Blanc Wine Making Ingredient Kit
Bullet Point 1: Chilean Sauvignon Blanc Wine Kit - VineCo Original Series
Bullet Point 2: Flavor Profile - Herbaceous, stone fruit and tropical fruit
Bullet Point 3: Kit Volume: 8 L, Approximate Yield: 23 L
Bullet Point 4: Ready to Bottle: In 4 weeks
Bullet Point 5: Ingredient Kit Only Does Not Contain Alcohol
Product Description: Chilean Sauvignon Blanc Wine Kit - VineCo Original Series - Unleash the Refreshing Essence of Sauvignon Blanc Known for its vibrant personality, Sauvignon Blanc is a green-skinned grape that embodies the wild spirit of nature. Its name is derived from the French term for ""wild,"" reflecting its unrestrained growth and bold flavors. This grape variety thrives in diverse climates, producing wines that range from crisp and herbaceous to tropical and fruity. In cooler regions, you can expect wines to showcase a lively acidity with green bell pepper and grassy notes, while warmer areas enhance the fruit profile, leading to delightful tropical flavors. Chilean Sauvignon Blanc is particularly celebrated for its citrusy brightness, moving away from the greener characteristics often associated with the grape. Instead, it highlights a luscious mix of stone fruits, passion fruit, and zesty lime, presenting a more refined take on this beloved varietal. The winemaking conditions in Chile, marked by a combination of warm days and cool evenings, allow for optimal ripening while retaining essential acidity. The VineCo Chilean Sauvignon Blanc captures the essence of this grape beautifully. It offers a lively bouquet of herbaceous notes intertwined with enticing flavors of stone fruit and tropical delights. This dry white wine is crafted without oak, maintaining its fresh character. This wine kit encourages you to enjoy the Sauvignon Blanc at its peak freshness. With no aging required, you can indulge in its crisp flavors shortly after bottling. Its versatility means it pairs wonderfully with a variety of dishes, making it a fantastic option for any meal, from light appetizers to vibrant salads and even sushi. Experience the joy of pairing this delightful wine with your culinary creations. Ingredient Kit Only Does Not Contain Alcohol.
Value: 1.0
Unit: Count
",https://m.media-amazon.com/images/I/71JllaFpxML.jpg,94.0
37614,"Item Name: NATURES PATH CEREAL FLK MULTIGRAIN ORG ECO, 32 OZ, PK- 6
Value: 192.0
Unit: Fl Oz
",https://m.media-amazon.com/images/I/21O9RftI2vL.jpg,35.74
238044,"Item Name: Mrs. Miller's Seedless Black Raspberry Jam 9 Ounce (Pack of 4)
Bullet Point 1: Homemade Seedless Black Raspberry Jam made from the finest ripened black raspberries
Bullet Point 2: Hand scooped in Ohio‚Äôs Amish Country
Bullet Point 3: Made with real Cane Sugar
Bullet Point 4: Spoon it onto your toast or biscuit, or use it as a tasty glaze on your pork or chicken
Bullet Point 5: GMO Free
Product Description: Made from the finest ripened black raspberries, Mrs. Miller's Homemade Seedless Black Raspberry Jam packs a delicious sweet taste. Black raspberries possess one of the richest flavors of all fruits, so it is no surprise that this flavor ranks at the top of everyone's list. Spoon it onto your toast or biscuit, or use it as a tasty glaze on your pork or chicken. Don't be surprised if you find yourself licking off the spoon with this one, or even just eating it right out of the jar. Hand scooped in Ohio's Amish Country. Ingredients: Pure Cane Sugar, Black Raspberries, Water, Pectin Lemon Juice, Citric Acid
Value: 9.0
Unit: Ounce
",https://m.media-amazon.com/images/I/41miQk+RkJL.jpg,31.8
254947,"Item Name: Braswell's Key Lime Marinade for Sole 12oz
Bullet Point: Key Lime Marinade for sole. Very light but with a solid taste!
Product Description: Key Lime Marinade for sole. Very light but with a solid taste!
Value: 12.0
Unit: Ounce
",https://m.media-amazon.com/images/I/315YCWx0zrL.jpg,15.99
283223,"Item Name: Albanese Assorted Gummi Bears, Sugar Free, 5-Pound Bags (Pack of 2)
Bullet Point: Case of two bags (total 10 pounds)
Value: 160.0
Unit: Ounce
",https://m.media-amazon.com/images/I/71qkXfh7y3S.jpg,33.5
21740,"Item Name: KiZE Bars, 4 Count, Cookie Dough Flavor, High Protein, Dairy Free, Gluten Free, Non-GMO, Soy Free Snack Food Bars
Bullet Point 1: REFRIGERATE: For maximum freshness and dessert-like taste!
Bullet Point 2: GREAT TASTE: Dessert like taste, kid approved, with minimal ingredients & maximum impact!
Bullet Point 3: HIGH PROTEIN: 8g-10g protein, A great high protein snack, meal replacement, breakfast on the go, pre and post workout, snack for kids, and healthy dessert snack!
Bullet Point 4: CLEAN & SIMPLE: Made with only 4-8 real food ingredients and from in-house freshly made nut-butters, KiZE Bars are packed with clean and simple food ingredients you can pronounce.
Bullet Point 5: LOOKING FOR VARIETY: We have plant-based, Keto, dairy-free, vegan options available for any dietary need. All KiZE bars are gluten free, natural, & soy free.
Bullet Point 6: MISSION BASED: With each KiZE Bar purchased, you are helping feed, support, and transform lives of those in need throughout the world. Your purchase impacts a community of 1,000 children in Haiti and helps serve the homeless, hungry, and youth right here in the USA!
Bullet Point 7: CONVINIENCE: KiZE bars are perfect for on-the-go lifestyles, as a meal replacement, pre & post workout, family friendly, or as a healthy dessert snack.
Bullet Point 8: FUEL YOUR BEST & EXPERIENCE THE KiZE DIFFERENCE!
Bullet Point 9: MADE IN THE USA!
Product Description: KiZE Energy Bar 4 Pack
Value: 4.0
Unit: Count
",https://m.media-amazon.com/images/I/41a5Wp9NKHL.jpg,6.98
170292,"Item Name: Smuckers Natural Peanut Butter Chunky, 16 OZ (Pack of 12)
Product Description: Smucker's Natural Chunky Peanut Butter - | Kosher | Made without Hydrogenated Oils |Smucker's Natural Chunky Peanut Butter is made with roasted peanuts and a dash of salt.
Value: 192.0
Unit: Fl Oz
",https://m.media-amazon.com/images/I/31JwrRY9yqL.jpg,4.255
71500,"Item Name: BODYARMOR LYTE Sports Drink Low-Calorie Sports Beverage, Strawberry Banana, Coconut Water Hydration, Potassium-Packed Electrolytes, Perfect For Athletes, 28 Fl Oz (Pack of 12)
Bullet Point 1: Low Calorie
Bullet Point 2: No Sugar Added
Bullet Point 3: No Artificial Sweeteners, Flavors, or Dyes
Bullet Point 4: Potassium-Packed Electrolytes
Bullet Point 5: Vitamins & Antioxidants
Value: 336.0
Unit: Fl Oz
",https://m.media-amazon.com/images/I/81lSX9agSyL.jpg,1.67
266475,"Item Name: Organic Vinegar; Apple Cider
Value: 102.0
Unit: Fl Oz
",https://m.media-amazon.com/images/I/41SHfxsFz5L.jpg,81.44
88520,"Item Name: Himalania Pink Salt Fine Jar 10.0 OZ(Pack of 6)
Value: 10.0
Unit: Ounce
",https://m.media-amazon.com/images/I/61-iuhdhkZL.jpg,56.72
125583,"Item Name: BUSH'S BEST 16 oz Canned Barbecue Baked Beans, Source of Plant Based Protein and Fiber, Low Fat, Gluten Free, (Pack of 12)
Value: 192.0
Unit: Ounce
",https://m.media-amazon.com/images/I/71B-6hQQDzL.jpg,5.47
271423,"Item Name: BulkSupplements.com Trehalose Powder - Natural Sweetener, Trehalose Sugar Substitute - Vegan & Gluten Free, 5g per Serving, 5kg (11 lbs) (Pack of 5)
Bullet Point 1: Defining Sweetness, Redefined: At our core, a sweetener is not just a substitute for sugar; it's an invitation to a world where sweetness harmonizes with health. Our Trehalose powder is crafted to deliver the full sensory joy of sugar, minus the health drawbacks, paving the way to a life where indulgence and well-being walk hand-in-hand.
Bullet Point 2: Elevate Your Culinary Creations: Transform your kitchen into a sanctuary of health and taste with our versatile Trehalose powder, or Trehalose sugar. Perfect for baking, cooking, or just adding a touch of sweetness to your favorite beverage, our sweeteners maintain their delightful taste under a variety of conditions, making every dish a masterpiece of flavor.
Bullet Point 3: Peace of Mind in Every Serving: Enjoy the sweet life without fear! Our Trehalose powder, a natural sweetener, is meticulously manufactured to ensure they‚Äôre free from common allergens. This means you can indulge in your favorite sweets, confident in the knowledge that you‚Äôre not compromising your health for taste.
Bullet Point 4: Transparent and Trustworthy: Experience the confidence that comes with choosing a supplement that not only meets rigorous third-party testing but also upholds the principles of clarity and integrity in its formulation and production.
Bullet Point 5: Commitment to Excellence: Produced in a facility compliant with strict cGMP standards, our Trehalose powder, or low calorie sweetener, stands as a testament to our dedication to quality. You can trust in our product's consistency and excellence, batch after batch.
Product Description: At BulkSupplements.com, we sell dietary supplement ranging from amino acids & protein powders, to herbal supplements, vitamins & minerals that may help your health and wellness journey. Find the perfect addition to your daily routine. Our wide selection gives you the freedom to create your own supplement regimen for your health goals. We offer variety of forms to help you find what works for your lifestyle, pick between powder, capsules & softgels. Our broad selection of dietary supplements are manufactured according to cGMP Standards to ensure the highest quality for manufacturing, packaging, labeling, and holding operations. Plus, we work with a third-party laboratory that test our each batches of our products at multiple stages during production, from raw material to finished products, to ensures compliance, standards, and consistency. With a variety of more than 500 supplements, we have something for everyone. Whether you're looking to maintain optimal health or just want some help crossing the finish line, we've got you covered.
Value: 176.37
Unit: Ounce
",https://m.media-amazon.com/images/I/61S0ASqAujL.jpg,109.97
260842,"Item Name: Sayan Siberian All Day Set Instant Chaga Mushroom Tea, Pack of 3 Daily Tablets (90 Pcs) - Wild-Harvested, Premium Blend ‚Äì Natural Antioxidant Tea for Immune Support, Energy Boost & Improved Digestion
Bullet Point 1: All Day Chaga Longevity Program ‚ÄìSet includes Chaga with cordyceps & thyme for morning immunity, chaga with reishi & ginger for an afternoon transition, chaga with peach leaf & and Siberian fir extracts for an evening serving of antioxidants
Bullet Point 2: Powerful Immune Booster And Antioxidant ‚Äì Kings of Herbs adaptogen Chaga mushroom improves immunity and helps the body manage environmental pressure. Powerful antioxidant provides energy boos, help detox, and support liver
Bullet Point 3: Easy To Make, Smooth & Suprisingly Tasty ‚Äì A cross between tea and coffee, Chaga is neither too sweet nor over-powering. Soothing and calming blend, pleasantly mild and earthy with no aftertaste. Perfect on their own or with a dash of honey
Bullet Point 4: Wild Harvested In Pristine Siberian Forests ‚Äì Freeze-dried Chaga extract for maximum potency. Chaga instant tea tablet is uniquely blended with medicinal mushrooms and herbs extracts to provide maximum promote healthy living.
Bullet Point 5: All Natural Non-GMO, Dairy And Gluten Free ‚Äì Free from gluten, dairy, caffeine, preservatives, fillers, binders and artificial additives, Sayan non-GMO Chaga herbal tea is safe for vegetarian and vegan diets. Only the very best Chaga Tea is offered to you.
Product Description: Imagine all the benefits of wild harvested chaga mushroom instant tea and other health-giving gems from the earth, concentrated in single tablet for on-the-go maximum advantage. A dry compact-extract of chaga includes highest concentration of active ingredients. Why Choose Sayan All Day Chaga Mushroom Instant Tea? Sayan presents All Day Chaga Longevity Program, consisting of three exclusive tea tablets designed for daily use. Boasting unparalleled benefits on its own, Chaga has been used for centuries in Asian and Russian folk medicine, and is rich in antioxidants, minerals, flavonoids, polysaccharides, and melanin. When combined with other medicinal mushrooms and spices, the effect is a vibrant combination of bio nutrients that keeps you feeling energized and glowing. Sayan is the only company to pioneer the production technology required to encapsulate chaga tea benefits in compact extract form. Features of All Day Chaga Instant Tea: Provides strong antioxidant protection. Remarkable immunity supporting effects. Improves appearance of skin and hair. Supports the health of the nervous system and gastrointestinal tract. Promotes digestion and facilitate your body's natural ability to cleanse itself of toxins. All Day Chaga Instant Tea ‚Äì A Power Pack of Natural Immunity Boosters, Adaptogens & Antioxidants to Support Your Every Day Health: We've included three daily tea tablets in each pack: chaga with cordyceps and thyme for morning immunity, chaga with reishi and ginger for an afternoon transition, and chaga with peach leaf and Siberian fir extracts for an evening serving of antioxidants. Daily use of this trio of bodily protection and vitality support goes a long way towards maintaining optimal, radiant health.
Value: 90.0
Unit: Count
",https://m.media-amazon.com/images/I/71Vfi9gcRVL.jpg,50.99
267410,"Item Name: Food to Live Black-Eyed Peas, 25 Pounds - Raw Dried Whole Cow Peas, Kosher, Vegan, Sproutable. High in Dietary Fiber, Easy to Cook. Product of the USA
Bullet Point 1: ‚úîÔ∏èDelicious and highly nutritious, black-eyed beans are a great addition to any diet.
Bullet Point 2: ‚úîÔ∏èFood to Live Black-Eyed Beans are top-quality, free from any contaminants.
Bullet Point 3: ‚úîÔ∏èBlack-eyed peas taste amazing in a variety of dishes. They are extremely easy to cook.
Bullet Point 4: ‚úîÔ∏èThese legumes are one of the healthiest foods you can find. Rich in B vitamins and iron.
Bullet Point 5: ‚úîÔ∏èBlack-eyed beans make a great source of dietary fiber. Perfect for weight loss diets.
Product Description: <br>Black-eyed beans, also called cowpeas or black-eyed peas, are one of the most popular legumes. They are delicious and extremely versatile. Their high nutritional value and low calorie count makes them one of the best choices for weight loss diets. As they are rich in protein, they are a great meal choice for vegetarians and vegans.<br>Nutritional Value<br>Food to Live Black-Eyed Beans can help you meet your daily dose of B vitamins, as well as vitamin A, iron, and potassium. They are packed with dietary fiber, which helps normalize digestion and can facilitate weight loss. Black-eyed peas are the #1 food source of folate. <br>Directions<br>High versatility is one of the best features of black-eyed beans. You can cook them rather fast (soaking overnight is not mandatory), 20-30 minutes of full boil would do. Use them in salads or stews. Cook with spices or make delicious spreads.<br>This product is processed in a facility that also processes tree nuts and wheat.<br>
Value: 400.0
Unit: Ounce
",https://m.media-amazon.com/images/I/418XGvkQe-L.jpg,98.99
201749,"Item Name: ALOHA Organic Plant Based Protein Bar MINIS |Caramel Chocolate Pecan | 20 Count, 24g Bars | Vegan, Low Sugar, Gluten Free, Low Carb, Non-GMO, Stevia Free, Soy Free, No Sugar Alcohols
Bullet Point 1: BOX CONTAINS 20 - 24g USDA ORGANIC CHOCOLATE CARAMEL PECAN PLANT BASED PROTEIN BARS
Bullet Point 2: 6 GRAMS OF USDA ORGANIC PLANT-BASED PROTEIN, 4g of Fiber, only 2g of Sugar, Nothing Artificial
Bullet Point 3: SERIOUSLY GREAT TASTING, Vegan, Non-GMO, gluten free snacks, Kosher, Soy-Free, Dairy-Free, Stevia-Free, High Fiber and Paleo Friendly
Bullet Point 4: MADE FOR A HEALTHY LIFESTYLE WITH 100% REAL WHOLE FOOD INGREDIENTS; organic brown rice protein, organic pumpkin seed protein, and nothing artificial
Bullet Point 5: üòã A DELICIOUS OPTION FOR VEGETARIANS, VEGANS, CELIACS AND PALEO FRIENDLY DIETS. Makes a perfect snack, meal replacement, breakfast on the go or helps to fuel or refuel pre/post workouts or exercise
Bullet Point 6: ALOHA CARES. As a Certified B-Corp, ALOHA cares as much about our products as we do about our people and planet!
Value: 20.0
Unit: Count
",https://m.media-amazon.com/images/I/518e+PYWKZL.jpg,32.09
194856,"Item Name: PLANTERS Unsalted Dry Roasted Peanuts, Resealable Jar, Kosher Nuts, Plant-Based Protein, Quick Snack for Adults, After School Snack, 35 oz Canister
Bullet Point 1: One 35 oz Canister of PLANTERS Unsalted Dry Roasted Peanuts
Bullet Point 2: PLANTERS Unsalted Dry Roasted Peanuts are a heart healthy snack you can feel good about
Bullet Point 3: Packed in a resealable jar to lock in flavor and freshness
Bullet Point 4: Plain peanuts contain no added ingredients
Bullet Point 5: Unsalted peanuts are the perfect fit for a low sodium diet
Value: 1.0
Unit: Count
",https://m.media-amazon.com/images/I/81744zhvvuL.jpg,12.32
81813,"Item Name: AMYS CHILI SPICY GF ORG, 14.7 OZ
Value: 14.7
Unit: Fl Oz
",https://m.media-amazon.com/images/I/419kYd-RbsL.jpg,4.12
234305,"Item Name: AriZona Mucho Mango Fruit Juice Cocktail, 20 Fl Oz (Pack of 12)
Bullet Point 1: REAL JUICE: AriZona Mucho Mango Drink is is the perfect Mango Juice and fruit flavor. Made using real mango fruit juice, super tasty!
Bullet Point 2: WHO'S THIRSTY?: Whether you're drinking straight from the bottle or a tall glass with ice, at home, school, or work, treat yourself with this thirst quenching beverage that's simply delicious.
Bullet Point 3: VITAMIN C: This product is rich with Vitamin C. It's a great tasting drink that can be enjoyed at any age.
Bullet Point 4: 100% NATURAL: This product is free from artificial flavors, coloring and preservatives.
Bullet Point 5: BULK 12 PACK: Order your favorite flavor of AriZona Fruit Juice Cocktail with ease in a 12 pack case
Value: 240.0
Unit: Fl Oz
",https://m.media-amazon.com/images/I/517fPOFX0KL.jpg,16.395
154376,"Item Name: Trader Joe's Dark Chocolate Covered Espresso Beans 14 oz.
Bullet Point 1: Chocolate coverd
Bullet Point 2: Trader joes
Bullet Point 3: Trader joe's
Bullet Point 4: Trader joe's chocolate covered espresso beans
Product Description: Trader Joe's Dark Chocolate Covered Espresso Beans 14 oz.
Value: 14.0
Unit: Ounce
",https://m.media-amazon.com/images/I/51CFposir6L.jpg,17.095
202016,"Item Name: Freeze Dried Air Heads (Tarbosaurus Tongues) 4.5 Oz
Bullet Point 1: Item form: Gummy
Bullet Point 2: Item weight: 0.28 pounds
Product Description: 4.5 Oz of Freeze Dried Air Heads. We don't overpack our machines so you can get quality freeze dried Now & Laters. Flavors include Blue Raspberry, Cherry, Orange, Grape, Watermelon, and Mystery. We ship all of the product from in-house in boxes, so your candy shouldn't come damaged or crushed like our competitors! We are a family owned and operated business! We greatly appreciate each and every order! It helps us to grow and provide you with more options of quality freeze dried candy! Be sure to check out all of our other products like Jolly Ranchers, Now & laters, Starbursts, Skittles, Tropical Jolly Ranchers, Nerd Gummies, and so much more!
Value: 4.5
Unit: Ounce
",https://m.media-amazon.com/images/I/71Yl2I5Z4TL.jpg,15.5
116291,"Item Name: Klass Listo Jamaica Hibiscus Blended Mexican Drink Mix (2 x 14.1 oz. Packets)
Value: 28.2
Unit: Ounce
",https://m.media-amazon.com/images/I/815QiPHy1+L.jpg,20.61
234372,"Item Name: La Coste√±a Whole Pinto Beans with Jalape√±os, 19.75 Oz
Bullet Point: Great on their own, as a filling for burritos, tacos and tostadas, and more
Value: 19.75
Unit: Ounce
",https://m.media-amazon.com/images/I/71H5jcdd36L.jpg,1.58
116974,"Item Name: Colour Mill Oil-Based Food Coloring, 100 Milliliters (Navy)
Bullet Point 1: Color dyed and dispersed with these oils, allowing you to achieve color rich & vibrant
Bullet Point 2: Best in buttercream, Swiss meringue, chocolate, cake batter, ganache and fondant
Bullet Point 3: Allergen free
Bullet Point 4: Vegan
Bullet Point 5: Meets food safety standards of Australian and New Zealand Food Authority
Product Description: <b>Colour Mill Oil-Based Food Coloring</b> <li>Color dyed and dispersed with these oils, allowing you to achieve color rich & vibrant <li>Best in buttercream, Swiss meringue, chocolate, cake batter, ganache and fondant <li>Allergen free <li>Vegan <li>Meets food safety standards of Australian and New Zealand Food Authority<br><br> Shake well before use.<br> Take it easy, colors will develop over time.<br> Store in a cool dry place away from sunlight.<br> <br><br> Contains glycerol, colors and lecithin. <br><br> Blended & bottled in Australia from local & imported ingredients.
Value: 3.38
Unit: Fl Oz
",https://m.media-amazon.com/images/I/41p2lQ6RLML.jpg,19.845
178219,"Item Name: Maybelline New York Dream Matte Mousse Foundation, Porcelain Ivory, 0.64 Ounce
Bullet Point 1: Whipped mousse texture
Bullet Point 2: Matte perfect coverage
Bullet Point 3: Weightless, air soft feel
Value: 0.64
Unit: Ounce
",https://m.media-amazon.com/images/I/41V+yJ-a8SL.jpg,13.49
248217,"Item Name: Marshalls Creek Spices SAGE GROUND 7 oz. Kraft Stand Up Pouch ECO Friendly Recyclable Mailer
Bullet Point 1: Marshalls Creek Spices buys in small quantities and packs weekly providing the freshest products possible. Fresher ingredients means more flavor and a longer shelf life.
Bullet Point 2: No Fillers -No Free Flowing Agents or Coloring Agents - No MSG
Bullet Point 3: All Natural & Kosher
Bullet Point 4: Our Spices Are All Hand Packed and 100% Manually Processed, Keeping Our Eco Footprint Smaller. Unlike Those Giants In The Industry
Bullet Point 5: 7 ounce resealable stand up pouch of Ground Sage Ingredients: sage (powder) Sage is an aromatic spice that pairs with turkey, chicken, sausage and beef. Many vegetarian dishes, inluding ""faux"" meat, use sage to imitate the flavors of a non-vegetarian diet.
Product Description: 7 ounce resealable stand up pouch of Ground Sage Ingredients: sage (powder) Sage is an aromatic spice that pairs with turkey, chicken, sausage and beef. Many vegetarian dishes, inluding ""faux"" meat, use sage to imitate the flavors of a non-vegetarian diet.
Value: 7.0
Unit: Ounce
",https://m.media-amazon.com/images/I/71jO3GmXfjL.jpg,12.78
22148,"Item Name: Dark Chocolate Nonpareils - 5 LB Resealable Stand Up Candy Bag - Chocolate Discs Topped with White Nonpareils - Gourmet Chocolates - Bulk Candies for Parties or Holidays
Bullet Point 1: When a special occasion calls for a fancy sweet, nonpareils are a classic dessert with both sophistication and taste. This resealable stand up candy bag contains five (5) pounds of delicious dark chocolate nonpareils.
Bullet Point 2: Topped with white nonpareils, these delicious chocolate discs add a bit of class to any event. Serve them to friends and family at a wedding shower, baby shower, anniversary party, retirement party, graduation, wedding reception, gender reveal party, engagement party, or sweet sixteen birthday party.
Bullet Point 3: The rich dark chocolate disk is a perfect holiday treat to serve for Christmas, Easter, Thanksgiving, Valentine's Day, New Year's Eve, Halloween, or even for casual dinner party with friends and family.
Bullet Point 4: No need to wait for a special occasion to serve your nonpareils. Share these classic and unique treats at an office party, Christmas party, Easter festival, school party, movie night, or church festival.
Bullet Point 5: Save yourself the trouble of baking up a storm. The bulk candy bag is a great way to make sure all of your guests all get a chance to try a unique and beautiful gourmet chocolate candy.
Product Description: When a special occasion calls for a fancy sweet, nonpareils are a classic dessert with both sophistication and taste. This resealable stand up candy bag contains five (5) pounds of delicious dark chocolate nonpareils. Topped with white nonpareils, these delicious chocolate discs add a bit of class to any event. Serve them to friends and family at a wedding shower, baby shower, anniversary party, retirement party, graduation, wedding reception, gender reveal party, engagement party, or sweet sixteen birthday party. The rich dark chocolate disk is a perfect holiday treat to serve for Christmas, Easter, Thanksgiving, Valentine's Day, New Year's Eve, Halloween, or even for casual dinner party with friends and family. No need to wait for a special occasion to serve your nonpareils. Share these classic and unique treats at an office party, Christmas party, Easter festival, school party, movie night, or church festival. Save yourself the trouble of baking up a storm. The bulk candy bag is a great way to make sure all of your guests all get a chance to try a unique and beautiful gourmet chocolate candy.
Value: 80.0
Unit: Ounce
",https://m.media-amazon.com/images/I/A1uprRCW2wL.jpg,64.99
7575,"Item Name: Country Archer Beef Stick, Jalapeno 1.0 OZ (Pack of 4)
Value: 4.0
Unit: Count
",https://m.media-amazon.com/images/I/419ORKX0w-L.jpg,30.78
100323,"Item Name: Snyder‚Äôs of Hanover Gluten Free Pretzel variety pack
Value: 21.0
Unit: Ounce
",https://m.media-amazon.com/images/I/51w1PyY-mBL.jpg,23.99
109029,"Item Name: Camellia Brand Dried Black Beans, 1 Pound (Pack of 2)
Bullet Point 1: Dry Black Beans: Small, oval-shaped beans with a big, meaty flavor. A staple in virtually all Latin cuisines, they‚Äôre delicious in salads, soups, purees, and stews, whether vegetarian or seasoned with meat
Bullet Point 2: Hearty and Nutritious: Simmer them or use for soups, stews and side dishes. Add them to lamb, create a snack for the day, or a warm porridge for the evening. A great source of protein for vegans and vegetarians
Bullet Point 3: Gluten-Free: Packed with essential vitamins, antioxidants, and electrolytes, each bag of beans contains protein and fiber. Our gluten-free and non-GMO dry beans, peas and lentils are USA grown
Bullet Point 4: Serious About Beans: Get the best bean for your favorite dinner or dip recipe! Choose from 19 varieties of red kidney, navy, lima, Great Northern, pinto, lady cream, garbanzo, blackeye, split peas, and lentils
Bullet Point 5: Camellia Quality: A family-owned company and New Orleans favorite, Camellia prides itself on offering beans, peas, and lentils to nurture families, traditions and memories
Product Description: Dry Black Beans: Small, oval-shaped beans with a big, meaty flavor. A staple in virtually all Latin cuisines, they‚Äôre delicious in salads, soups, purees, and stews, whether vegetarian or seasoned with meat. Hearty and Nutritious: Simmer them or use for soups, stews and side dishes. Add them to lamb, create a snack for the day, or a warm porridge for the evening. A great source of protein for vegans and vegetarians. Gluten-Free: Packed with essential vitamins, antioxidants, and electrolytes, each bag of beans contains protein and fiber. Our gluten-free and non-GMO dry beans, peas and lentils are USA grown. Serious About Beans: Get the best bean for your favorite dinner or dip recipe! Choose from 19 varieties of red kidney, navy, lima, Great Northern, pinto, lady cream, garbanzo, blackeye, split peas, and lentils. Camellia Quality: A family-owned company and New Orleans favorite, Camellia prides itself on offering beans, peas, and lentils to nurture families, traditions and memories
Value: 32.0
Unit: Ounce
",https://m.media-amazon.com/images/I/513R-hsHWDL.jpg,12.85
38571,"Item Name: Arrowhead Mills Organic Green Lentils, 16-Ounce Bags (Pack of 6)
Bullet Point: ...
Value: 12.0
Unit: Count
",https://m.media-amazon.com/images/I/517WwZuggLS.jpg,9.27
56340,"Item Name: Iberia Organic Red Kidney Beans 15.5 oz (Pack of 8)
Bullet Point 1: FRESH AND VERSATILE: Versatile, fresh, and packed with flavor, Iberia Organic Red Kidney Beans have a signature rich, red color and classic bean shape.
Bullet Point 2: MEATY AND HEARTY: These organic red kidney beans have a meaty and hearty consistency with a very refreshing taste that pairs well with a wide variety of meals.
Bullet Point 3: CERTIFIED ORGANIC: Iberia organic red kidney beans are certified organic, these premium red kidney beans are 100% natural made with natural sea salt without any artificial ingredients or color.
Bullet Point 4: ALL NATURAL: Iberia organic red kidney beans containes no chemicals and are full of many vitamins and nutrients. These beans can be used in a wide variety of hot and cold dishes. Add them to stews, chili and soups or make a healthy and delicious cold bean salad, there are endless possibilites with red kidney beans.
Bullet Point 5: BULK SUPPLY: Bulk supply of 8 x 15.5 oz cans of organic red kidney beans.
Value: 124.0
Unit: Ounce
",https://m.media-amazon.com/images/I/81NmzWgfiKL.jpg,29.96
196576,"Item Name: Buchu Leaf (Organic) Tea (Loose) (4 oz, ZIN: 512125) - 3 Pack
Bullet Point 1: Buchu Leaf (Organic) Tea (Loose) (4 oz, ZIN: 512125)
Bullet Point 2: No fillers.
Bullet Point 3: Manufacturer: TerraVita
Bullet Point 4: Size: 4 oz
Bullet Point 5: Loose Leaf Herbal Tea - Packed in a convenient upright pouch!
Product Description: Buchu Leaf (Organic) Tea (Loose) (4 oz, ZIN: 512125)<BR><BR>Packaged in the United States in a GMP certified facility (Good Manufacturing Practice).<BR><BR>No fillers.<BR><BR>Manufacturer: TerraVita<BR><BR>Size: 4 oz<BR><BR>Loose Leaf Herbal Tea - Packed in a convenient upright pouch!<BR><BR>Ingredients: Buchu
Value: 12.0
Unit: Ounce
",https://m.media-amazon.com/images/I/41VxFtyBHkL.jpg,124.52
274881,"Item Name: Starbucks Ground Coffee, 16 caffe verona 32 Ounce (Pack of 2)
Bullet Point 1: Contains preground, drip-brewing coffee to give you the Starbucks experience from your own standard coffeemaker
Bullet Point 2: Full-bodied blend of Latin American and Asia/Pacific coffees with the sweet touch of Italian Roast
Bullet Point 3: Features a fuller body and robust, bold flavors
Bullet Point 4: Item Package Dimension: 9.0"" L x 3.0"" W x 4.0"" H
Value: 32.0
Unit: Ounce
",https://m.media-amazon.com/images/I/61agF+F46JL.jpg,16.99
166681,"Item Name: Celestial Seasonings Herbal Tea, Red Zinger, 20 Count
Bullet Point: Caffeine Free
Value: 20.0
Unit: Count
",https://m.media-amazon.com/images/I/51RLUYQ1ZnL.jpg,5.49
95469,"Item Name: Community Coffee Breakfast Blend 36 Count Coffee Pods, Medium Roast, Compatible with Keurig 2.0 K-cup Brewers, 12 Count (Pack of 3)
Bullet Point 1: Breakfast Blend: Start your day with this smooth, bright, medium roast coffee with notes of honey and hazelnut.
Bullet Point 2: Coffee Pods: We take high-quality 100% Arabica beans, roast and grind them to perfection, then package them in single-serve coffee pods that are Keurig 2.0 (k-cup) compatible for quick, easy brewing
Bullet Point 3: Community Is Everything: From using responsibly sourced coffee beans to programs that support military service members, local schools and more, Community Coffee gives back to our partners and local communities in every way we can
Bullet Point 4: How You Like It: We have k-cup compatible single-serve coffee pods for a quickly brewed cup. For reusable pods, we have whole beans or ground coffee for the same great Community Coffee taste
Bullet Point 5: Quality Assured: All of our coffee beans go through a rigorous scoring system for body, balance, flavor and aroma. Only then can they be considered fit to bear the Community Coffee name
Value: 36.0
Unit: Count
",https://m.media-amazon.com/images/I/81x94lyQl7S.jpg,12.23
255445,"Item Name: Don Francisco's 100% Colombia Supremo Ground Coffee, Medium Roast, 100% Arabica (12 Ounce Can)
Bullet Point 1: WITH A SWEET FLORAL AROMA AND WINEY NOTES you savor with every cup, made with the finest Colombian coffees.
Bullet Point 2: WE ARE COMMITTED TO PROVIDING PREMIUM COFFEE with a greener coffee footprint through sustainable practices
Bullet Point 3: OUR DIRECT IMPACT INITIATIVE influences every business decision we make so that we can preserve natural resources and our environment for future generations of our family and yours.
Bullet Point 4: NEARLY 150 YEARS EXPERTISE IN COFFEE: With nearly 150 years‚Äô experience in sourcing, blending and roasting coffee, you can be sure that you will get a consistently rich and satisfying coffee.
Bullet Point 5: BLENDED, ROASTED and packed in the U.S.A.
Value: 12.0
Unit: Ounce
",https://m.media-amazon.com/images/I/712yxCCqObL.jpg,6.99
259866,"Item Name: KaBloom Flowers - Exotic Perla White Orchid Bouquet of 10 White Orchids Without Vase - Gift for Birthday, Get Well, Easter, Valentine, Mother‚Äôs Day Fresh Flowers
Bullet Point 1: Composition: The bloom collection includes fresh White Orchids Without Vase. We ship in a specially designed box that protects the flowers during transit.
Bullet Point 2: Fresh Flowers: Our fresh flower bouquets are shipped in their bud stage, ensuring easier transport and longer-lasting blooms. The flowers will fully open within 2‚Äì3 days.
Bullet Point 3: Gift Note: To ensure your gift inlcudes your information for the recipient, At checkout, please check off ""THIS IS A GIFT"" or ""ADD A GIFT RECEIPT"" and please include your name in the message.
Bullet Point 4: Care and Handling: To ensure your flowers thrive, remove your bouquet from its wrap, cut them by 1 inches at an angle, and place them in a vase filled with fresh luke warm water.
Bullet Point 5: Fresh flowers for Birthdays, Get Well Gift for Women, Anniversary, Graduation, Sympathy, Congratulations, Thank You, or Just Because
Value: 1.0
Unit: Count
",https://m.media-amazon.com/images/I/41yekhILvVL.jpg,58.13
59900,"Item Name: Jiva Organic Coconut Milk Powder 1.25 LB - Gluten Free, Vegan, Dairy Free, All Natural Plant Based Creamer, Keto Friendly, Full Fat & Premium Sri Lankan Quality
Bullet Point 1: You will LOVE our USDA Organic Coconut Milk Powder by Jiva Organics
Bullet Point 2: Our Dried Coconut Milk Powder Bulk is a delicious and nutritious non-dairy creamer. Perfect for use in Coffee and Lattes.
Bullet Point 3: Unlike other brands, ours is a full fat, premium quality. That means you will use less and be more flavorful! Even tastes amazing right out of the bag! Can be used for bath bombs too!
Bullet Point 4: Grown in Sri Lanka. Sri Lankan coconuts are far superior than Vietnamese or Phillipines coconuts, and the taste is evident when you try it!
Bullet Point 5: Large 1.25 Pound bag offers a great value. Packaged in a sealed, resealable foil bag that does not allow light or heat.
Bullet Point 6: Gluten Free. Organic. Non-GMO. Vegan and Dairy Free.
Product Description: Organic Coconut Milk Powder Full Fat Premium Quality 1.25 LB Bag from Jiva Organics
Value: 20.0
Unit: Ounce
",https://m.media-amazon.com/images/I/5109C4f2fWL.jpg,11.98
61692,"Item Name: Pickled Garlic, Sweet, 2-14 Ounce Jars
Value: 28.0
Unit: Ounce
",https://m.media-amazon.com/images/I/713ZxAkzdDL.jpg,29.94
56211,"Item Name: Simple Mills Rosemary & Sea Salt Almond Flour Crackers Family Size, Pack of 6
Bullet Point 1: Receive 6 family sized boxes of Simple Mills Rosemary & Sea Salt Almond Flour Crackers. The ultimate, everyday snack that fuels you - no matter what adventures the day has in store for you.
Bullet Point 2: Take a look at our nutritious cracker ingredients. Nutrient dense, purposeful ingredient list for these delicious snacks from Simple Mills.
Bullet Point 3: See our reviews on your iPhone, iPad, Android, or laptop by scrolling down to see how other consumers rate our delicious taste!
Bullet Point 4: Nothing artificial, ever. Shelf stable snack that is perfect for stocking up the pantry and great way to gain energy and boost productivity
Bullet Point 5: Made With Simple Ingredients, Certified Gluten free, Non-GMO, Grain Free, Corn Free, Paleo Friendly, Plant Based
Value: 42.0
Unit: Ounce
",https://m.media-amazon.com/images/I/519Zkpcwe+L.jpg,7.56
140715,"Item Name: Equator Coffees, Equator Blend Ground Coffee, Medium Dark Roast, Fresh Roasted, Smooth Chocolate & Nutmeg Flavor Notes, Sustainable, 10.5 oz Bag
Bullet Point 1: EQUATOR BLEND: Our namesake blend is always on bar in our cafes and features 100% Arabica coffees from some of the world's best growing regions, including Kenya, Colombia, Sumatra and Brazil
Bullet Point 2: FLAVOR PROFILE: Mellow and complex with flavors of apricot, milk chocolate, marzipan and nutmeg, this crowd-pleasing blend is rich, smooth, and tastes great black or paired with milk or other creamers
Bullet Point 3: Roasted from Marin County, California since 1995 ‚Äî Equator connects sustainable global coffee farming communities to coffee lovers in the US.
Bullet Point 4: SUSTAINABLE SOLUTIONS: We nurture long-term relationships with growers who practice responsible land stewardship and sustainable farming; We also use plant-based packaging and energy efficient coffee roasters
Bullet Point 5: WOMEN-FOUNDED: Equator Coffees has committed 25+ years to sustainable, fair trade coffee practices; Becoming the first California coffee roaster to be Fair Trade and B Corporation-certified solidified our leadership in the global movement for an inclusive, equitable, and regenerative economy
Value: 10.5
Unit: Ounce
",https://m.media-amazon.com/images/I/51i-Etr3OtL.jpg,34.57
186165,"Item Name: Seasons Brand Imported Skinless & Boneless Sardines in Water No Salt Added -- 4.25 oz - 3PC
Value: nan
Unit: None
",https://m.media-amazon.com/images/I/41HJmvLaTyL.jpg,2.54
272258,"Item Name: Yoo-Hoo Chocolate Drink, 4 ct
Bullet Point: 99% caffeine free
Value: 48.0
Unit: Fl Oz
",https://m.media-amazon.com/images/I/516hutu+NlL.jpg,4.42
